[
    {
        "name": "DBI RU - 658",
        "url": "https://github.com/Ultra-NX/Ultra-Resources/raw/main/homebrews/DBI%20RU.zip",
        "path": "/switch/"
    },
    {
        "name": "DBI EN - 658",
        "url": "https://github.com/Ultra-NX/Ultra-Resources/raw/main/homebrews/DBI%20EN.zip",
        "path": "/switch/"
    },
    {
        "name": "DBI PTBR - 658",
        "url": "https://github.com/Ultra-NX/Ultra-Resources/raw/main/homebrews/DBI%20EN.zip",
        "path": "/switch/"
    },
    {
        "name": "DBI ZHCN - 647",
        "url": "https://github.com/Ultra-NX/Ultra-Resources/raw/main/homebrews/DBI%20RU.zip",
        "path": "/switch/"
    },
    {
        "name": "Linkalho - 2.0.1",
        "url": "https://github.com/Ultra-NX/Ultra-Resources/raw/main/homebrews/linkalho.zip",
        "path": "/switch/"
    },
    {
        "name": "ReverseNX Tool - 3.1.3",
        "url": "https://github.com/Ultra-NX/Ultra-Resources/raw/main/homebrews/ReverseNX-Tool.zip",
        "path": "/switch/"
    },
    {
        "name": "Battery Desync Fix - 1.3.0",
        "url": "https://github.com/Ultra-NX/Ultra-Resources/raw/main/homebrews/battery_desync_fix.zip",
        "path": "/switch/"
    },
    {
        "name": "HB App Store - 2.3.2",
        "url": "https://github.com/Ultra-NX/Ultra-Resources/raw/main/homebrews/appstore.zip",
        "path": "/switch/"
    },
    {
        "name": "SysDVR-conf - 5.5",
        "url": "https://github.com/Ultra-NX/Ultra-Resources/raw/main/homebrews/SysDVR-conf.zip",
        "path": "/switch/"
    },
    {
        "name": "sys-ftpd - 1.0.4",
        "url": "https://github.com/Ultra-NX/Ultra-Resources/raw/main/homebrews/sys-ftpd.zip",
        "path": "/"
    },
    {
        "name": "sys-con - 0.6.4",
        "url": "https://github.com/Ultra-NX/Ultra-Resources/raw/main/homebrews/sys-con.zip",
        "path": "/"
    },
    {
        "name": "Mission Control - 0.10.0",
        "url": "https://github.com/Ultra-NX/Ultra-Resources/raw/main/homebrews/MissionControl.zip",
        "path": "/"
    },
    {
        "name": "Observer-Tool - 0.0.2",
        "url": "https://github.com/Ultra-NX/Ultra-Resources/raw/main/homebrews/Observer-Tool.zip",
        "path": "/switch/.overlays/"
    },
    {
        "name": "MemToolkitNX - Latest",
        "url": "https://github.com/Ultra-NX/Ultra-Resources/raw/main/homebrews/MemToolkitNX.zip",
        "path": "/switch/"
    }
]