[
    {
        "name": "FPS Patch Only - 60 Fps",
        "url": "https://github.com/Ultra-NX/Ultra-Resources/raw/main/mods/Zelda%20TotK%201.2.1%2060FPS.zip",
        "path": "/"
    },
    {
        "name": "Dynamic Res. - 60 Fps",
        "url": "https://github.com/Ultra-NX/Ultra-Resources/raw/main/mods/Zelda%20TotK%201.2.1%20DR.zip",
        "path": "/"
    },
    {
        "name": "Visual+DR - 60 Fps",
        "url": "https://github.com/Ultra-NX/Ultra-Resources/raw/main/mods/Zelda%20TotK%201.2.1%20Vis+DR.zip",
        "path": "/"
    },
    {
        "name": "Visual Plus+DR - 60 Fps",
        "url": "https://github.com/Ultra-NX/Ultra-Resources/raw/main/mods/Zelda%20TotK%201.2.1%20VisPlus+DR.zip",
        "path": "/"
    },
    {
        "name": "Visual - 30 Fps",
        "url": "https://github.com/Ultra-NX/Ultra-Resources/raw/main/mods/Zelda%20TotK%201.2.1%20Vis.zip",
        "path": "/"
    },
    {
        "name": "Visual Plus - 30 Fps",
        "url": "https://github.com/Ultra-NX/Ultra-Resources/raw/main/mods/Zelda%20TotK%201.2.1%20VisPlus.zip",
        "path": "/"
    }
]
