[
    {
        "name": "550 mV",
        "label": "550 mV",
        "dec": "550"
    },
    {
        "name": "555 mV",
        "label": "555 mV",
        "dec": "555"
    },
    {
        "name": "560 mV",
        "label": "560 mV",
        "dec": "560"
    },
    {
        "name": "565 mV",
        "label": "565 mV",
        "dec": "565"
    },
    {
        "name": "570 mV",
        "label": "570 mV",
        "dec": "570"
    },
    {
        "name": "575 mV",
        "label": "575 mV",
        "dec": "575"
    },
    {
        "name": "580 mV",
        "label": "580 mV",
        "dec": "580"
    },
    {
        "name": "585 mV",
        "label": "585 mV",
        "dec": "585"
    },
    {
        "name": "590 mV",
        "label": "590 mV",
        "dec": "590"
    },
    {
        "name": "595 mV",
        "label": "595 mV",
        "dec": "595"
    },
    {
        "name": "600 mV - Default",
        "label": "600 mV",
        "dec": "600"
    }
]
