[
    {
        "name": "900 mV - [!]",
        "label": "900 mV",
        "dec": "900"
    },
    {
        "name": "912 mV - [!]",
        "label": "912 mV",
        "dec": "912"
    },
    {
        "name": "925 mV - [!]",
        "label": "925 mV",
        "dec": "925"
    },
    {
        "name": "937 mV - [!]",
        "label": "937 mV",
        "dec": "937"
    },
    {
        "name": "950 mV - [!]",
        "label": "950 mV",
        "dec": "950"
    },
    {
        "name": "962 mV - [!]",
        "label": "962 mV",
        "dec": "962"
    },
    {
        "name": "975 mV - [!]",
        "label": "975 mV",
        "dec": "975"
    },
    {
        "name": "987 mV - [!]",
        "label": "987 mV",
        "dec": "987"
    },
    {
        "name": "1000 mV - [!]",
        "label": "1000 mV",
        "dec": "1000"
    },
    {
        "name": "1012 mV - [!]",
        "label": "1012 mV",
        "dec": "1012"
    },
    {
        "name": "1025 mV - [!]",
        "label": "1025 mV",
        "dec": "1025"
    },
    {
        "name": "1037 mV - [!]",
        "label": "1037 mV",
        "dec": "1037"
    },
    {
        "name": "1050 mV",
        "label": "1050 mV",
        "dec": "1050"
    },
    {
        "name": "1062 mV",
        "label": "1062 mV",
        "dec": "1062"
    },
    {
        "name": "1075 mV",
        "label": "1075 mV",
        "dec": "1075"
    },
    {
        "name": "1087 mV",
        "label": "1087 mV",
        "dec": "1087"
    },
    {
        "name": "1100 mV - Default",
        "label": "1100 mV",
        "dec": "1100"
    },
    {
        "name": "1112 mV",
        "label": "1112 mV",
        "dec": "1112"
    },
    {
        "name": "1125 mV",
        "label": "1125 mV",
        "dec": "1125"
    },
    {
        "name": "1137 mV",
        "label": "1137 mV",
        "dec": "1137"
    },
    {
        "name": "1150 mV",
        "label": "1150 mV",
        "dec": "1150"
    },
    {
        "name": "1162 mV",
        "label": "1162 mV",
        "dec": "1162"
    },
    {
        "name": "1175 mV",
        "label": "1175 mV",
        "dec": "1175"
    },
    {
        "name": "1187 mV",
        "label": "1187 mV",
        "dec": "1187"
    },
    {
        "name": "1200 mV",
        "label": "1200 mV",
        "dec": "1200"
    },
    {
        "name": "1212 mV",
        "label": "1212 mV",
        "dec": "1212"
    },
    {
        "name": "1225 mV",
        "label": "1225 mV",
        "dec": "1225"
    },
    {
        "name": "1237 mV",
        "label": "1237 mV",
        "dec": "1237"
    },
    {
        "name": "1250 mV",
        "label": "1250 mV",
        "dec": "1250"
    }
]
