{"convertStandardCrypto":0,"linkedUser":"","linkedUserSig":"","fingerprint":"","deleteAfter":1,"useCommonSaveDir":0,"showOnlyTitlesWithFiles":0,"saveDownloadCopy":0,"includeDLC":1,"includeUpdate":1,"reinstallNca":0,"skipFirmwareCheck":1,"storageId":5,"streamInstall":1,"enableMTP":0,"enableNUT":1,"disableGC":1,"heapMinSize":0,"titleDbUrl":"http://tinfoil.media/repo/db/","xciInstallUpdate":1,"parentalMode":0,"initialized":1,"googleApiKey":"","oneFichierApiKey":"","xciInstallDlc":1,"installUnsigned":0,"bypassFirmwareCheck":1,"username":"","password":"","music":1,"downloadIcons":1,"autoUpdate":1,"extractIcons":1,"saveDirectory":"sdmc:/switch/tinfoil/saves","eshopDumpDirectory":"sdmc:/switch/tinfoil/dumps/eshop","threads":"3","connectTimeout":"15","region":"RU","language":"en","logLevel":"Error","theme":"Auto","windows":{"":{"display":0},"Console":{"display":1},"FILE_LIST":{"display":1},"File Browser":{"display":0},"Firmware":{"display":0,"sort":255},"GBA":{"display":0,"sort":255},"Game Gear":{"display":0,"sort":255},"Gameboy":{"display":0,"sort":255},"Homebrew Store":{"display":0,"sort":255},"INSTALL_MENU":{"display":1},"Incomplete":{"display":0,"sort":255},"Installed":{"display":0,"sort":255},"N64":{"display":0,"sort":255},"NDS":{"display":0,"sort":255},"NES":{"display":0,"sort":255},"New DLC":{"display":0,"sort":255},"New Games":{"display":0,"sort":133},"New Updates":{"display":0,"sort":255},"Payloads":{"display":0},"Play Station":{"display":0,"sort":255},"PlayStation Portable":{"display":0,"sort":255},"Queue":{"display":1},"Recommended":{"display":0,"sort":133},"SG-1000":{"display":0,"sort":255},"SNES":{"display":0,"sort":255},"Sega CD":{"display":0,"sort":255},"Sega Dreamcast":{"display":0,"sort":255},"Sega Genesis":{"display":0,"sort":255},"Sega Master System":{"display":0,"sort":255},"Shared Saves":{"display":0,"sort":255},"Tickets":{"display":1},"Title Keys":{"display":1},"XCI":{"display":0,"sort":133},"lst":{"display":0},"menu":{"display":0}}}