[
    {
        "name": "Zeta - ---------       ECO   2000",
        "label": "Zeta",
        "cpuBoost": "2397000",
        "cpuUV": "1",
        "cpuVminL": "0000",
        "cpuVminH": "0203",
        "cpuMVM": "1120",
        "gpuUV": "2",
        "gpuVminM": "560",
        "gpuOff": "0000",
        "ramMHzM": "2000000",
        "ramVDD2": "1100000",
        "ramVDDQ": "560000",
        "DRAM": "1",
        "DVB": "0",
        "t0": "220000002200000022",
        "t1": "3",
        "t2": "3",
        "t3": "3",
        "t4": "4",
        "t5": "3",
        "t6": "4",
        "t7": "0"
    },
    {
        "name": "Alpha - ---------      ECO+ 2100",
        "label": "Alpha",
        "cpuBoost": "2397000",
        "cpuUV": "2",
        "cpuVminL": "0000",
        "cpuVminH": "EE02",
        "cpuMVM": "1120",
        "gpuUV": "2",
        "gpuVminM": "560",
        "gpuOff": "0000",
        "ramMHzM": "2100000",
        "ramVDD2": "1075000",
        "ramVDDQ": "560000",
        "DRAM": "1",
        "DVB": "0",
        "t0": "1C0000001C0000001C",
        "t1": "4",
        "t2": "4",
        "t3": "3",
        "t4": "4",
        "t5": "4",
        "t6": "4",
        "t7": "1"
    },
    {
        "name": "Core - LOW   2266",
        "label": "Core",
        "cpuBoost": "2397000",
        "cpuUV": "1",
        "cpuVminL": "0000",
        "cpuVminH": "0000",
        "cpuMVM": "1120",
        "gpuUV": "2",
        "gpuVminM": "610",
        "gpuOff": "0000",
        "ramMHzM": "2266000",
        "ramVDD2": "1212500",
        "ramVDDQ": "610000",
        "DRAM": "1",
        "DVB": "0",
        "t0": "220000002200000022",
        "t1": "3",
        "t2": "3",
        "t3": "3",
        "t4": "4",
        "t5": "3",
        "t6": "4",
        "t7": "2"
    },
    {
        "name": "Mega - MED   2400",
        "label": "Mega",
        "cpuBoost": "2397000",
        "cpuUV": "2",
        "cpuVminL": "0000",
        "cpuVminH": "0000",
        "cpuMVM": "1120",
        "gpuUV": "2",
        "gpuVminM": "610",
        "gpuOff": "0000",
        "ramMHzM": "2400000",
        "ramVDD2": "1212500",
        "ramVDDQ": "610000",
        "DRAM": "1",
        "DVB": "0",
        "t0": "1C0000001C0000001C",
        "t1": "3",
        "t2": "3",
        "t3": "3",
        "t4": "4",
        "t5": "3",
        "t6": "3",
        "t7": "2"
    },
    {
        "name": "Ultra - HIGH   2466",
        "label": "Ultra",
        "cpuBoost": "2397000",
        "cpuUV": "2",
        "cpuVminL": "0000",
        "cpuVminH": "0000",
        "cpuMVM": "1120",
        "gpuUV": "2",
        "gpuVminM": "610",
        "gpuOff": "0000",
        "ramMHzM": "2466000",
        "ramVDD2": "1212500",
        "ramVDDQ": "610000",
        "DRAM": "1",
        "DVB": "0",
        "t0": "180000001800000018",
        "t1": "4",
        "t2": "4",
        "t3": "4",
        "t4": "5",
        "t5": "3",
        "t6": "4",
        "t7": "3"
    },
    {
        "name": "Red - ======     OV     2600",
        "label": "Red",
        "cpuBoost": "2397000",
        "cpuUV": "2",
        "cpuVminL": "0000",
        "cpuVminH": "0000",
        "cpuMVM": "1120",
        "gpuUV": "2",
        "gpuVminM": "640",
        "gpuOff": "0000",
        "ramMHzM": "2600000",
        "ramVDD2": "1212500",
        "ramVDDQ": "610000",
        "DRAM": "1",
        "DVB": "0",
        "t0": "180000001800000018",
        "t1": "4",
        "t2": "4",
        "t3": "5",
        "t4": "5",
        "t5": "5",
        "t6": "4",
        "t7": "4"
    },
    {
        "name": "Hell - ======     OV+   2666",
        "label": "Hell",
        "cpuBoost": "2397000",
        "cpuUV": "2",
        "cpuVminL": "0000",
        "cpuVminH": "0000",
        "cpuMVM": "1120",
        "gpuUV": "2",
        "gpuVminM": "655",
        "gpuOff": "0000",
        "ramMHzM": "2666000",
        "ramVDD2": "1225000",
        "ramVDDQ": "640000",
        "DRAM": "1",
        "DVB": "0",
        "t0": "180000001800000018",
        "t1": "3",
        "t2": "4",
        "t3": "5",
        "t4": "5",
        "t5": "5",
        "t6": "4",
        "t7": "4"
    }
]