[
    {
        "name": "Core - LOW   1996",
        "label": "Core",
        "cpuBoost": "2091000",
        "cpuVminE": "825",
        "cpuMVE": "1235",
        "gpuVminE": "810",
        "gpuOff": "0500",
        "ramMHzE": "1996800",
        "ramVDD2": "1200000",
        "DRAM": "1",
        "DVB": "0",
        "t0": "220000002200000022",
        "t1": "3",
        "t2": "2",
        "t3": "4",
        "t4": "4",
        "t5": "3",
        "t6": "3",
        "t7": "0"
    },
    {
        "name": "Mega - MED   2131",
        "label": "Mega",
        "cpuBoost": "2091000",
        "cpuVminE": "825",
        "cpuMVE": "1270",
        "gpuVminE": "810",
        "gpuOff": "0A00",
        "ramMHzE": "2131200",
        "ramVDD2": "1225000",
        "DRAM": "1",
        "DVB": "0",
        "t0": "1C0000001C0000001C",
        "t1": "4",
        "t2": "2",
        "t3": "4",
        "t4": "4",
        "t5": "3",
        "t6": "3",
        "t7": "1"
    },
    {
        "name": "Ultra - HIGH   2188",
        "label": "Ultra",
        "cpuBoost": "2091000",
        "cpuVminE": "825",
        "cpuMVE": "1300",
        "gpuVminE": "810",
        "gpuOff": "1400",
        "ramMHzE": "2188800",
        "ramVDD2": "1250000",
        "DRAM": "1",
        "DVB": "0",
        "t0": "180000001800000018",
        "t1": "5",
        "t2": "2",
        "t3": "4",
        "t4": "5",
        "t5": "4",
        "t6": "5",
        "t7": "2"
    },
    {
        "name": "Red - MAX   2284",
        "label": "Red",
        "cpuBoost": "2091000",
        "cpuVminE": "825",
        "cpuMVE": "1300",
        "gpuVminE": "810",
        "gpuOff": "1400",
        "ramMHzE": "2284800",
        "ramVDD2": "1250000",
        "DRAM": "1",
        "DVB": "0",
        "t0": "140000001400000014",
        "t1": "5",
        "t2": "2",
        "t3": "4",
        "t4": "5",
        "t5": "4",
        "t6": "5",
        "t7": "2"
    },
    {
        "name": "Hell - MAX+ 2342",
        "label": "Hell",
        "cpuBoost": "2091000",
        "cpuVminE": "825",
        "cpuMVE": "1300",
        "gpuVminE": "810",
        "gpuOff": "1400",
        "ramMHzE": "2342400",
        "ramVDD2": "1250000",
        "DRAM": "1",
        "DVB": "0",
        "t0": "140000001400000014",
        "t1": "5",
        "t2": "2",
        "t3": "4",
        "t4": "5",
        "t5": "4",
        "t6": "5",
        "t7": "2"
    }
]