[
    {
        "name": "1785 MHz - Default",
        "dec": "1785"
    },
    {
        "name": "1887 MHz",
        "dec": "1887"
    },
    {
        "name": "1963 MHz",
        "dec": "1963"
    },
    {
        "name": "2091 MHz",
        "dec": "2091"
    },
    {
        "name": "2193 MHz",
        "dec": "2193"
    },
    {
        "name": "2295 MHz",
        "dec": "2295"
    },
    {
        "name": "2397 MHz",
        "dec": "2397"
    },
    {
        "name": "2499 MHz",
        "dec": "2499"
    },
    {
        "name": "2601 MHz",
        "dec": "2601"
    }
]
