[
    {
        "name": "1200 mV",
        "dec": "1200"
    },
    {
        "name": "1205 mV",
        "dec": "1205"
    },
    {
        "name": "1210 mV",
        "dec": "1210"
    },
    {
        "name": "1215 mV",
        "dec": "1215"
    },
    {
        "name": "1220 mV",
        "dec": "1220"
    },
    {
        "name": "1225 mV",
        "dec": "1225"
    },
    {
        "name": "1230 mV",
        "dec": "1230"
    },
    {
        "name": "1235 mV - Default",
        "dec": "1235"
    },
    {
        "name": "1240 mV",
        "dec": "1240"
    },
    {
        "name": "1245 mV",
        "dec": "1245"
    },
    {
        "name": "1250 mV",
        "dec": "1250"
    },
    {
        "name": "1255 mV",
        "dec": "1255"
    },
    {
        "name": "1260 mV",
        "dec": "1260"
    },
    {
        "name": "1265 mV",
        "dec": "1265"
    },
    {
        "name": "1270 mV",
        "dec": "1270"
    },
    {
        "name": "1275 mV",
        "dec": "1275"
    },
    {
        "name": "1280 mV",
        "dec": "1280"
    },
    {
        "name": "1285 mV",
        "dec": "1285"
    },
    {
        "name": "1290 mV",
        "dec": "1290"
    },
    {
        "name": "1295 mV",
        "dec": "1295"
    },
    {
        "name": "1300 mV",
        "dec": "1300"
    }
]